{"cameraMode":{"drawMode":0,"name":"Shaded","section":"Shading Mode"},"sceneLighting":true,"audioPlay":false,"sceneViewState":{"showFog":true,"showMaterialUpdate":true,"showSkybox":true,"showFlares":true,"showImageEffects":true,"showParticleSystems":true},"in2DMode":false,"pivot":{"x":481.2091369628906,"y":-1.3858531713485718,"z":192.30287170410157},"rotation":{"x":-0.028893817216157914,"y":0.9710941314697266,"z":-0.16950637102127076,"w":-0.16558192670345307},"size":53.90318298339844,"orthographic":false}